jsoft,marks,status,remarks
JSOFT26094,25,,
JSOFT26085,22,Partially Completed,Good work. All commits done; fix the items below to complete
JSOFT26243,25,,
JSOFT26429,25,,
JSOFT26169,25,,
JSOFT26388,25,,
JSOFT26418,25,,
JSOFT26193,25,,
JSOFT26148,23,Partially Completed,Good work. Add your 5 own movies (Phase 12.1) to complete
JSOFT26013,23,Partially Completed,Working prototype with your own movies and features. No Phase commits (-2); remove the stray ```html text at the top of index.html
JSOFT26236,21,Partially Completed,Working prototype. Phase 12 personalisation missing (no 06_personalisation.sql or own movies) and footer has no name/JSOFT ID
