jsoft,name
JSOFT26003,Sharon Sara Varghese
JSOFT26013,V Adheena
JSOFT26020,Abheesh Albert S
JSOFT26022,Shaheem Hasrath P S
JSOFT26029,Anet Maria Wilson
JSOFT26030,Jiya Mariam John
JSOFT26061,Esbin P V
JSOFT26064,Muhammed Shahid P
JSOFT26065,Archana P A
JSOFT26085,Alan Godley John
JSOFT26086,Akhilesh G
JSOFT26087,Abhiram Sabu
JSOFT26094,Sanad Seyd Mohamed
JSOFT26111,Aswin . A . V
JSOFT26133,Amegh Saneesh
JSOFT26135,Joshua Prince K
JSOFT26148,Sivanya Rajeev
JSOFT26154,Mohammed Nahid
JSOFT26163,Edin Liyans Daijan
JSOFT26169,Advaith Sree P . S
JSOFT26185,Pavana Premraj
JSOFT26190,Vijay Joy
JSOFT26193,Anzil Mujeeb P
JSOFT26206,Athul Krishna N S
JSOFT26216,Anumod S Sunil
JSOFT26218,Reuben David
JSOFT26219,Fathoomi S S
JSOFT26230,Arjun
JSOFT26236,Anandhakrishnan K S
JSOFT26240,Aryan KS
JSOFT26243,Redwan Ali Akbar
JSOFT26244,Muhammed Minhaaj M N
JSOFT26260,Shivani Raj K
JSOFT26262,Rifdha Rafeeque
JSOFT26290,Darsheel P
JSOFT26314,Anu Krishnan H
JSOFT26326,Shiv Narayanan
JSOFT26329,Ridhin E
JSOFT26346,Ahammed labeed A P
JSOFT26356,Kamalraj R
JSOFT26358,Amruth Narayana V
JSOFT26374,Althas Shibu
JSOFT26376,Aadhil Muhammed S
JSOFT26378,Akash M
JSOFT26388,Mohammed Shamil B
JSOFT26392,Muhammad. M
JSOFT26395,Shefin Shan Bin Sameer
JSOFT26418,Rehan V
JSOFT26423,Alen Daniel
JSOFT26428,Sreeraj S
JSOFT26429,Aamin Binu
JSOFT26445,Muhammed Farhan P P
JSOFT26451,Aron Philip
